<!DOCTYPE suite SYSTEM "http://testng.org/testng-1.0.dtd">
<suite name="Parallel test suite" parallel="tests">
<listeners>
        <listener class-name="org.testng.reporters.EmailableReporter2" />

</listeners>
  <!-- test name="Firefox Test">
  <parameter name="browser" value="firefox"/>
    <classes>
      <class name="com.htc.seleniumtestNG.ParallelTest"/>
    </classes>
  </test-->
  <test name="Chrome Test">
  <parameter name="browser" value="chrome"/>
    <classes>
      <class name="com.htc.seleniumtestNG.ParallelTest"/>
    </classes>
  </test>
    <test name="HTMLUNITDRiver Test">
    <parameter name="browser" value="html"/>
    <classes>
      <class name="com.htc.seleniumtestNG.ParallelTest"/>
    </classes>
  </test>
</suite>